{"cameraMode":{"drawMode":0,"name":"Shaded","section":"Shading Mode"},"sceneLighting":true,"audioPlay":false,"sceneViewState":{"m_AlwaysRefresh":false,"showFog":true,"showSkybox":true,"showFlares":true,"showImageEffects":true,"showParticleSystems":true,"showVisualEffectGraphs":true,"m_FxEnabled":true},"in2DMode":false,"pivot":{"x":240.1245574951172,"y":2.7767839431762697,"z":195.12982177734376},"rotation":{"x":0.11085815727710724,"y":0.06287625432014466,"z":-0.007025015540421009,"w":0.9918276071548462},"size":2.2699074745178224,"orthographic":false}