{"cameraMode":{"drawMode":0,"name":"Shaded","section":"Shading Mode"},"sceneLighting":true,"audioPlay":false,"sceneViewState":{"m_AlwaysRefresh":false,"showFog":true,"showSkybox":true,"showFlares":true,"showImageEffects":true,"showParticleSystems":true,"showVisualEffectGraphs":true,"m_FxEnabled":true},"in2DMode":false,"pivot":{"x":269.14849853515627,"y":5.4662017822265629,"z":225.845458984375},"rotation":{"x":0.04022740200161934,"y":-0.43428242206573489,"z":-0.019435029476881028,"w":-0.8996816873550415},"size":22.20042610168457,"orthographic":false}